{
    "all_ap": 0.2177904347372678,
    "all_ap_50%": 0.4445492401017547,
    "all_ap_25%": 0.6242107445899976,
    "classes": {
        "object": {
            "ap": 0.2177904347372678,
            "ap50%": 0.4445492401017547,
            "ap25%": 0.6242107445899976
        }
    },
    "target_metric": 0.2177904347372678,
    "best_result": 0.2177904347372678,
    "scan_id": [
        "scene0011_00",
        "scene0011_01",
        "scene0015_00",
        "scene0019_00",
        "scene0019_01",
        "scene0025_00",
        "scene0025_01",
        "scene0025_02",
        "scene0030_00",
        "scene0030_01"
    ]
}